"0","Information eat cost project","360.44","true"
"1","Several enter little today","84.78","false"
"2","Shoulder against admit","385.29","false"
"3","Seem often compare","251.77","false"
"4","Practice mean process","331.36","false"
"5","When summer although what build","430.19","true"
"6","There reality","187.00","false"
"7","May drug lot","334.90","false"
"8","West subject challenge wind","268.62","false"
"9","Little pick true make","378.07","true"
"10","Technology yard eight blue whatever","414.00","true"
"11","Her long rich should","466.00","false"
"12","Notice anything key question","293.92","true"
"13","Option maybe","356.92","true"
"14","Another ago herself dog","437.63","true"
"15","Room especially area","488.29","false"
"16","Decide reason within","483.97","false"
"17","Modern parent maybe","86.53","true"
"18","Commercial again into hit","159.25","true"
"19","South drug sister live model","494.67","false"
"20","Also little guess risk agent","33.09","true"
"21","Deal data","458.87","false"
"22","American serve beautiful","155.41","true"
"23","Blood remember","123.14","true"
"24","Something television view always","187.25","false"
"25","World remember community evidence","124.16","true"
"26","Traditional with thing","153.69","false"
"27","Collection discuss boy traditional","376.27","true"
"28","Area risk billion everyone","425.65","true"
"29","Truth final relate clear","254.31","true"
"30","Picture perhaps senior","358.25","true"
"31","Yourself show quality myself","177.74","true"
"32","Billion physical north","335.38","false"
"33","Feeling number former","272.34","false"
"34","Individual high feel human","196.31","true"
"35","Watch senior very speak anyone","101.67","true"
"36","Mention become","77.72","false"
"37","Black however popular","84.23","false"
"38","Television take writer","1.25","true"
"39","None reduce employee fish know","31.10","false"
"40","Put say return","124.77","false"
"41","Tonight since","88.94","true"
"42","Hope worry learn lose end","443.13","false"
"43","Record radio cut know despite","65.70","false"
"44","Such our","147.00","true"
"45","Bed alone himself","26.72","false"
"46","By heavy win","252.13","false"
"47","Author final affect soldier","458.34","true"
"48","Exist upon others memory heart","293.01","false"
"49","Better billion left present","427.13","true"
"50","Camera executive","432.05","true"
"51","Lay mean walk","102.31","false"
"52","Personal couple budget","317.56","false"
"53","Return might meet","241.44","false"
"54","Police not several cost","500.55","true"
"55","Can board one health face","92.38","true"
"56","Fight task democratic","417.65","false"
"57","Great during as physical as","399.46","true"
"58","Face turn dinner","377.57","true"
"59","Mean kind themselves method onto","239.79","false"
"60","Use cold share","179.70","true"
"61","Take ahead age","134.84","false"
"62","All eat southern","110.08","true"
"63","Police I catch moment","172.98","true"
"64","Notice wait bring animal bring","231.28","true"
"65","Local light on avoid better","334.70","true"
"66","Continue international rule","132.30","true"
"67","Admit card bill degree","118.16","true"
"68","Customer gun nothing ready wish","278.10","false"
"69","Reason shake eat","199.27","false"
"70","Center team rich next few","433.53","false"
"71","Television especially animal","190.39","false"
"72","Budget body arrive","275.23","true"
"73","Yourself resource should soon","189.52","true"
"74","Way remain","334.42","false"
"75","Pick pretty","53.43","true"
"76","Dream rather option eye","420.45","true"
"77","Language sing enough upon rest","230.58","true"
"78","Strong support","392.91","true"
"79","Share run article","200.15","true"
"80","Race believe manage try","445.12","false"
"81","Personal tell one choice","495.20","true"
"82","She him contain though small","324.41","false"
"83","Ready difficult citizen southern","271.71","false"
"84","This theory evening","138.52","false"
"85","Would less material","183.67","false"
"86","Key budget nor","16.53","true"
"87","Painting unit size","458.09","true"
"88","Forget star onto series","220.96","true"
"89","Will peace music","285.20","true"
"90","Always modern respond human check","202.21","true"
"91","Since executive","296.26","false"
"92","List we","29.21","true"
"93","Wonder claim several","206.27","false"
"94","Professional operation","59.87","true"
"95","Rise if issue pick shoulder","102.30","false"
"96","Keep something church","101.09","true"
"97","Sing back start so","126.63","true"
"98","Society why send","50.13","true"
"99","Fear find staff down","437.29","false"
"100","None week newspaper mind president","233.76","true"
"101","News well","16.54","true"
"102","Piece thousand summer general","486.91","true"
"103","Enter student none method meet","167.20","false"
"104","By seat within to","252.28","false"
"105","Make each","201.24","true"
"106","Strong southern fire lawyer future","179.82","true"
"107","Opportunity compare","344.21","false"
"108","Without stuff beyond network","137.60","true"
"109","Parent create wall her medical","68.42","false"
"110","Daughter indicate television and","371.06","true"
"111","Enjoy owner finally","252.41","true"
"112","Another team figure teach","163.17","true"
"113","While common soon move successful","177.75","false"
"114","Out month value","54.53","true"
"115","Plan oil television among","310.69","true"
"116","Behind political history","425.55","true"
"117","Prepare have hope black","184.17","true"
"118","Often arm data player study","18.38","true"
"119","Six establish day","450.55","true"
"120","Live drive business","259.72","false"
"121","Sense order fear find think","204.95","false"
"122","Too yes night anything city","89.67","false"
"123","For cut style actually","112.49","false"
"124","Maybe family relationship","124.60","true"
"125","Nation nature summer theory such","21.96","true"
"126","Western conference vote","357.99","false"
"127","Seek meeting trial simple form","13.46","false"
"128","Growth meeting","294.86","false"
"129","Like after common role","71.56","false"
"130","Family phone eight economic analysis","66.64","false"
"131","Civil stuff present","163.80","false"
"132","Choice program investment approach arm","293.29","true"
"133","Property thousand book low","203.19","true"
"134","Go choice sort","248.68","true"
"135","Chance responsibility hard all central","325.58","true"
"136","Represent contain painting toward such","424.49","true"
"137","Guess industry walk offer","429.95","true"
"138","City he north new","38.54","false"
"139","Finally hundred standard","336.60","false"
"140","Help movement arm agent set","235.74","true"
"141","Success old total and trial","384.38","true"
"142","Card rich","97.86","true"
"143","Entire small","368.83","false"
"144","Practice real reach red","443.21","true"
"145","Work case","453.22","true"
"146","Eat west war","204.90","true"
"147","Available if","21.37","true"
"148","Late what financial require","243.82","false"
"149","Far PM cut","135.62","false"
"150","Significant how","34.35","true"
"151","Eye economic","148.93","true"
"152","Bit this each best","22.59","false"
"153","Step get ground beautiful pick","472.00","true"
"154","Some join east","235.09","false"
"155","How too less enough suggest","278.12","true"
"156","Explain people better bad deep","99.40","true"
"157","In property edge","258.54","true"
"158","Computer first whom fire body","384.48","true"
"159","Sit which","451.24","false"
"160","Around top relationship later","494.25","false"
"161","Loss whole share million","352.04","true"
"162","East boy general","402.05","false"
"163","Strong draw instead","9.47","false"
"164","Forget also board","494.16","false"
"165","Technology hand deep hear","249.45","true"
"166","Draw upon meet","434.77","true"
"167","Whole key","427.50","false"
"168","Owner audience","173.51","false"
"169","Begin weight trial","416.82","true"
"170","Art own simply","287.58","true"
"171","Weight check space cause head","336.16","false"
"172","Evening movie serve plan","14.69","false"
"173","Bank nor receive west","167.57","false"
"174","Forward top model for morning","208.37","false"
"175","Their foreign letter improve","79.43","false"
"176","Event say","413.07","false"
"177","Easy can","111.85","true"
"178","Parent water project explain","431.76","false"
"179","Heavy fast boy would","226.48","true"
"180","Food officer accept product action","248.37","false"
"181","Sell score clearly a get","32.58","false"
"182","Million into message","266.79","true"
"183","Baby to","238.54","false"
"184","Theory much senior","214.64","false"
"185","Box trip bit term","140.42","false"
"186","Meet main","498.81","true"
"187","Stage bring site","148.29","true"
"188","Yard beat present religious","440.84","true"
"189","Write with easy research","151.26","false"
"190","Create deal class modern","388.92","true"
"191","Cost rate discover","292.65","false"
"192","Heart middle natural second","74.94","false"
"193","Crime point teacher","12.27","true"
"194","Film continue budget product","480.15","true"
"195","Thank full","318.99","false"
"196","Cold dream back wide animal","195.75","false"
"197","Pretty white","378.30","true"
"198","Husband hot chance even huge","361.06","true"
"199","It seat week source","359.73","false"
"200","Minute son agreement","413.98","false"
"201","Boy live value town example","31.70","false"
"202","Through evening religious everyone sister","105.97","true"
"203","Easy sometimes sport image down","181.41","true"
"204","Little may glass","399.92","true"
"205","Artist fall cover","163.68","true"
"206","Feeling for computer","54.88","true"
"207","Our back idea raise image","480.82","false"
"208","Picture turn various","450.84","true"
"209","Significant anyone structure","440.26","false"
"210","Themselves three","245.65","true"
"211","Development safe student husband","422.70","false"
"212","Understand behavior spring challenge","7.27","true"
"213","Pattern buy well","316.21","false"
"214","Save boy personal improve","157.65","false"
"215","House concern","442.78","false"
"216","Mrs of approach","138.65","true"
"217","Guy have walk","372.96","false"
"218","Behavior test more never address","406.30","true"
"219","Administration concern service see","90.61","true"
"220","Car standard","352.12","false"
"221","Meeting who yard","458.42","false"
"222","Common guy PM beautiful","296.87","false"
"223","Hold hear final field","415.15","true"
"224","From return these yard","394.30","true"
"225","Avoid picture special money","451.85","true"
"226","Why authority","461.68","false"
"227","Allow if particularly environment","14.44","false"
"228","Gas buy technology school","305.36","false"
"229","Strategy ever","157.42","true"
"230","Cover word","144.23","false"
"231","Just drive choose finally million","176.43","false"
"232","There worry American ball must","56.97","false"
"233","New rule this","414.73","true"
"234","Door safe pick daughter institution","23.93","false"
"235","Employee later center","6.49","true"
"236","Writer road","465.75","false"
"237","President treatment store discuss","70.05","true"
"238","Glass charge","390.28","false"
"239","Soon site spring get","186.20","true"
"240","Work thought there nearly lawyer","108.40","false"
"241","Return development toward doctor","164.74","true"
"242","War build some will","428.84","false"
"243","Different respond","278.60","false"
"244","Young product him","375.65","false"
"245","Much military evening open food","296.28","false"
"246","Only large","326.54","true"
"247","Product the ability fill","88.58","true"
"248","We staff fact","343.37","true"
"249","Watch although skill research","103.04","false"
"250","Benefit beautiful miss","400.05","true"
"251","Commercial agent ever idea","138.37","true"
"252","Deep behind street","469.51","true"
"253","Manage drive follow poor","155.04","true"
"254","Democratic citizen step improve","190.92","false"
"255","Agreement what show","441.09","true"
"256","Assume yes describe by","426.72","true"
"257","Father ability history loss","312.12","true"
"258","Down practice business several design","305.39","false"
"259","Theory husband down customer","402.71","false"
"260","Spring section civil","81.91","true"
"261","Conference short plant","163.62","true"
"262","Whose turn star officer about","406.70","true"
"263","Few cut","343.66","false"
"264","Yes range reveal guess","221.68","true"
"265","Idea contain","165.08","false"
"266","Including dog drug","358.59","false"
"267","Education learn admit organization","121.67","true"
"268","Story room culture beautiful","420.17","false"
"269","Local bad side knowledge","322.75","false"
"270","Tree defense relationship","442.66","false"
"271","Involve shake door cut","131.62","true"
"272","Paper include but project white","232.11","true"
"273","Rock instead fly hit","250.08","false"
"274","Cold conference","380.61","false"
"275","Identify participant","313.74","true"
"276","You make simple","470.38","false"
"277","My again certainly whose","461.02","false"
"278","Alone son","291.25","true"
"279","Ask two light should","367.50","true"
"280","Painting continue appear","239.79","true"
"281","Window Mrs use surface","439.09","true"
"282","Mean but save","201.33","false"
"283","Do security","487.37","false"
"284","Range finish season second trip","496.92","false"
"285","Well treat audience history","443.19","true"
"286","Modern store figure economy choose","11.54","true"
"287","Hard agreement","90.61","true"
"288","Model school","378.68","false"
"289","Stay side","257.41","true"
"290","Girl type name","342.50","true"
"291","Five yourself young security","152.99","true"
"292","Assume action avoid leg","123.12","false"
"293","Development of rich change","340.66","true"
"294","Hospital art financial","297.63","false"
"295","Amount today maintain conference","393.76","false"
"296","Leader peace","75.87","true"
"297","Information make rather","135.09","false"
"298","Rock care","200.71","true"
"299","Daughter card news","83.29","true"
"300","Might special quality source hold","222.29","false"
"301","The now either","152.55","true"
"302","Choose world attorney","315.56","false"
"303","A open sort","145.03","false"
"304","Recent TV","287.08","true"
"305","First least","489.75","false"
"306","Break third Mrs","432.22","true"
"307","Threat theory","228.89","false"
"308","Watch explain back very work","231.59","true"
"309","Art move","289.09","true"
"310","Coach example great","218.69","false"
"311","Service career","358.72","false"
"312","Finally treatment real son","77.25","false"
"313","List tree news attention","24.02","false"
"314","She look pull","139.16","false"
"315","They particular area","42.90","true"
"316","Now manager six hour first","234.15","true"
"317","Value child imagine","135.54","false"
"318","Machine less north","490.27","true"
"319","Attention key reduce","239.72","true"
"320","Economic yard strong","157.37","false"
"321","Each how discussion mission","461.23","true"
"322","Walk citizen know the","365.07","true"
"323","True can free everybody","463.89","true"
"324","Professor for very name","382.06","true"
"325","Everybody control service war responsibility","285.73","true"
"326","Clearly country","198.21","false"
"327","Shoulder PM","45.54","true"
"328","Than red yet in","191.41","false"
"329","Box course child painting","367.52","true"
"330","Expect institution someone woman","194.93","true"
"331","Act character dog","218.54","true"
"332","Could unit use discussion attention","373.95","false"
"333","Election do fall hour simply","90.75","false"
"334","Central through Republican","376.18","true"
"335","Individual measure election","442.80","true"
"336","By offer field","495.56","true"
"337","Various soon peace","145.61","false"
"338","Authority develop rather which","180.37","false"
"339","Music mouth third economy both","271.67","false"
"340","Attention force much return physical","99.35","true"
"341","Factor simply civil owner","469.05","true"
"342","Project situation","463.03","false"
"343","Financial hair new paper","74.24","false"
"344","Create action business group when","260.90","true"
"345","Seven after I","260.36","true"
"346","Sign enter late sea","105.74","true"
"347","Congress individual north","205.02","false"
"348","Per history school","64.96","false"
"349","Mission deep","395.45","true"
"350","Result computer require power","200.41","true"
"351","Would our","431.46","false"
"352","Page tax","290.37","true"
"353","Total season compare tonight blue","426.23","true"
"354","Technology hundred such miss somebody","64.25","false"
"355","Describe current seem usually","309.60","false"
"356","Personal billion gun","74.84","true"
"357","Play north respond director","367.18","false"
"358","At determine","183.09","false"
"359","Ever drive","167.57","true"
"360","Hour three data parent me","474.70","true"
"361","Spring call","69.32","true"
"362","Model activity very race","158.55","true"
"363","Begin responsibility three become after","405.31","true"
"364","Themselves window not girl","390.03","false"
"365","Edge hundred","384.51","false"
"366","Newspaper laugh along fight","479.90","false"
"367","Million perform college low","490.14","false"
"368","Law east song","213.09","false"
"369","Gun what PM","285.39","true"
"370","Very measure","54.11","true"
"371","Skill fast husband","89.47","false"
"372","Enjoy production","333.02","false"
"373","Song relationship","116.09","false"
"374","Report practice fast wonder","134.11","false"
"375","Part social","496.23","true"
"376","Similar clear include staff","56.32","false"
"377","Eight visit expert","451.64","false"
"378","Affect million live set","49.75","true"
"379","Shake task","263.09","true"
"380","Land person","338.60","true"
"381","Nice trade evidence exactly","204.86","true"
"382","Nature idea night","303.55","true"
"383","Congress return three","204.66","true"
"384","Court management pay write it","386.48","false"
"385","Town check","319.00","false"
"386","Large everything","475.58","false"
"387","Benefit pull hand who enter","400.92","true"
"388","Stay later where major month","342.81","true"
"389","Continue reveal rock network","233.12","true"
"390","Raise player project president allow","104.77","true"
"391","Pattern believe condition","413.24","true"
"392","Unit when","347.91","false"
"393","Short them use","134.44","false"
"394","Maybe play where","282.36","true"
"395","Risk approach page","262.35","true"
"396","Why green","32.36","false"
"397","Ability southern","138.40","true"
"398","Then hit his when","381.94","true"
"399","Leave suddenly whole","375.01","true"
"400","Through technology","441.75","true"
"401","Difficult those","165.97","false"
"402","Image sort else","276.02","false"
"403","Term subject well compare","7.44","false"
"404","Above step happy let","381.72","true"
"405","Anyone allow","186.38","true"
"406","Gun military article","114.36","false"
"407","Box first","74.51","false"
"408","Use exist break example","404.67","true"
"409","Leg say myself before","449.95","true"
"410","Race strong seem report","6.67","true"
"411","Attorney raise teacher trial bed","195.30","false"
"412","Increase model tell within","406.22","true"
"413","Other sing receive sing","373.63","false"
"414","Choose rather","297.51","false"
"415","Appear artist air loss","451.15","false"
"416","Sometimes behind most show","427.46","false"
"417","Approach on","33.26","true"
"418","West goal election","39.20","true"
"419","Fly model space lawyer draw","212.82","true"
"420","Range these","438.27","true"
"421","Design day hour Republican","157.52","false"
"422","Enough effect because staff great","37.77","true"
"423","Section language sit help","105.37","true"
"424","Strong group","321.05","true"
"425","Scientist develop whether knowledge","471.06","true"
"426","To billion section","364.44","true"
"427","Agreement report detail","186.44","false"
"428","Executive treatment sign most","112.83","false"
"429","Nice mind enjoy service","392.79","true"
"430","Best anyone remember common","18.65","true"
"431","Minute effect reduce whole","485.56","true"
"432","Side nature thus","461.94","false"
"433","By market cover local leave","202.14","true"
"434","Arm though right common","188.56","false"
"435","Me actually population difference population","440.49","false"
"436","Even history especially debate month","113.01","false"
"437","Type according","342.17","false"
"438","Opportunity language","284.00","true"
"439","Decision police","214.53","true"
"440","Behavior learn really","439.70","true"
"441","Structure bank mission","490.42","false"
"442","Analysis information call budget defense","456.48","false"
"443","Tree oil outside","76.50","true"
"444","Onto generation heart Mr news","386.22","true"
"445","Likely lead","422.64","false"
"446","Without cold theory beat","41.00","false"
"447","Join power care push","359.95","true"
"448","Suffer he give agent","396.13","true"
"449","Draw my financial","53.53","false"
"450","Stock keep hospital focus","104.50","false"
"451","Specific her senior","319.33","true"
"452","Daughter another","462.06","false"
"453","Maintain agreement wonder","295.08","false"
"454","Thousand that","490.60","true"
"455","Rate however name","186.18","true"
"456","Protect them against amount","98.67","false"
"457","Save represent particular","132.35","false"
"458","Article position allow six surface","193.10","true"
"459","Activity however","281.55","true"
"460","Attack body pass","10.78","true"
"461","Best true","133.01","false"
"462","General letter member","134.93","false"
"463","Sort relationship major","316.09","true"
"464","Adult watch see north","5.84","false"
"465","Say energy everything doctor","209.09","false"
"466","Population phone piece","394.03","false"
"467","Important professional citizen yeah","280.48","false"
"468","Republican himself whom between none","360.68","true"
"469","Assume low","36.45","false"
"470","Buy often traditional agreement throw","464.68","false"
"471","Perform break defense","315.18","true"
"472","May natural","173.74","true"
"473","Evening approach trouble wide senior","127.74","false"
"474","So or","253.34","false"
"475","Lose stay","327.51","false"
"476","Take late tell themselves","355.07","true"
"477","Admit under tax concern explain","9.75","false"
"478","Institution clear","119.87","true"
"479","During me style visit","186.70","false"
"480","Class discuss","4.32","false"
"481","Window base writer after hear","153.73","true"
"482","Sea base","18.17","true"
"483","Total opportunity tonight animal","221.84","true"
"484","General student ok who","348.66","true"
"485","American bed must number","289.30","true"
"486","Window true accept health","464.14","true"
"487","Customer opportunity within tree","483.19","true"
"488","Near under save certainly really","311.57","false"
"489","Career central responsibility","358.53","true"
"490","Since knowledge police process","203.96","true"
"491","Simply wife painting maintain Congress","283.82","false"
"492","Agree goal against","398.64","true"
"493","Allow subject draw them","457.81","true"
"494","High heart simply","299.43","true"
"495","Interest view","405.91","true"
"496","Business responsibility quite direction","312.19","true"
"497","Sing everyone","29.88","false"
"498","Bank south term public","66.32","true"
"499","Meeting space public","488.65","false"
"500","Lawyer back yourself follow","416.46","false"
"501","Position practice size staff","279.57","false"
"502","Recognize will me suggest","247.87","false"
"503","Perhaps who standard traditional","327.46","true"
"504","Mrs coach always","161.88","true"
"505","Course stage wonder","15.64","false"
"506","Billion cultural must stand during","459.12","false"
"507","Sing situation piece much","147.37","true"
"508","Child night these manage","358.36","true"
"509","Page their seek yes available","391.16","false"
"510","Be hundred both","102.85","true"
"511","Method at lot join order","49.97","true"
"512","Keep industry","253.36","false"
"513","Teacher mind keep","12.44","true"
"514","Operation service product","492.35","false"
"515","Control toward yet","182.17","false"
"516","Factor or keep","332.50","false"
"517","Real front","269.20","false"
"518","Building half support since","13.29","true"
"519","Coach science people nature","287.01","false"
"520","Common police view consumer","173.34","true"
"521","Clear receive nation","454.10","true"
"522","Ready low worker manage","249.36","true"
"523","Natural guess then represent painting","153.88","true"
"524","Star onto occur pull song","269.10","true"
"525","Western teach when practice","245.72","true"
"526","Energy successful market","73.59","false"
"527","Provide drive scene fast","165.61","true"
"528","When person sometimes attack north","127.57","false"
"529","Resource mean evening","30.82","true"
"530","Surface thousand on physical","426.92","false"
"531","Prepare account fall color sense","496.78","false"
"532","Soldier beyond nice whatever","223.12","true"
"533","Bill none performance however","119.81","false"
"534","Skill fund remember any","355.83","false"
"535","Feeling would","71.47","true"
"536","Ask meet person","22.46","false"
"537","Partner serious move religious girl","500.12","false"
"538","Under last","155.80","true"
"539","Matter nothing","343.11","true"
"540","Miss clearly","35.15","false"
"541","Character raise sea since next","283.32","false"
"542","Girl enter hour car","357.09","false"
"543","Benefit house college","285.76","true"
"544","Hot old mother","7.17","true"
"545","Car beat same","498.46","false"
"546","Tough figure life miss","172.37","true"
"547","Institution push","95.48","true"
"548","Capital both rate stay","128.84","true"
"549","Already game democratic as","415.91","false"
"550","Down data head","87.79","false"
"551","Last market edge board","331.38","false"
"552","Because available","467.97","false"
"553","May father site","248.03","true"
"554","Vote song","352.65","false"
"555","Represent important follow guess","358.25","false"
"556","Focus free year","24.52","false"
"557","White vote company","285.06","true"
"558","Between employee sing","344.52","false"
"559","Able door","491.85","false"
"560","Movie subject","174.30","true"
"561","Respond final world vote","168.78","false"
"562","Since free capital spring","474.48","false"
"563","Opportunity city operation great","227.88","false"
"564","Ability fast business we","229.73","false"
"565","Air two somebody","340.43","false"
"566","Meet top stop Republican","335.32","false"
"567","Relate response","284.87","true"
"568","Board win","202.55","true"
"569","Knowledge soldier politics treatment","377.07","false"
"570","Deal hair rich hear hot","220.25","false"
"571","Discuss arm change wide","286.08","false"
"572","Change bank feeling recognize onto","75.27","false"
"573","Three social may","128.17","true"
"574","Between material single machine","194.55","true"
"575","Human there within","483.68","false"
"576","Floor house risk","399.10","false"
"577","Point end","447.41","false"
"578","This letter ago large laugh","379.38","true"
"579","Walk world","396.72","false"
"580","Daughter focus gas","452.63","true"
"581","Practice society national","30.14","true"
"582","Their road would","424.88","false"
"583","Happen discuss interview class lay","442.20","false"
"584","Prepare senior these play left","54.27","true"
"585","What enjoy","62.32","true"
"586","Instead site everybody","456.50","true"
"587","Speak according assume us pretty","219.21","false"
"588","Story reflect in college","158.70","true"
"589","Member away clearly authority number","262.97","true"
"590","Glass other take various","79.05","true"
"591","Whole become hit quality possible","190.20","false"
"592","Get total","499.65","true"
"593","Executive paper either","135.00","false"
"594","Street positive various once seek","168.01","true"
"595","Always more cover","430.11","true"
"596","Upon able","140.00","false"
"597","Chair type country","117.69","false"
"598","At early","362.50","true"
"599","Two fly hold lead like","184.70","true"
"600","Ball goal","130.67","false"
"601","Plant trade much goal","185.59","true"
"602","Myself program kitchen score","50.57","false"
"603","Few new both close","66.34","true"
"604","Lawyer along","191.75","true"
"605","Identify others rather would","164.54","true"
"606","Couple second town buy produce","76.26","true"
"607","Arrive consumer","102.89","true"
"608","Foreign decide parent pattern election","119.10","false"
"609","Under back leave sport our","354.97","true"
"610","Sound eight","182.21","false"
"611","Use small","44.84","false"
"612","Indeed security pressure almost","477.66","false"
"613","Sport per must yard wish","218.90","false"
"614","Enough tell eye blood","307.62","false"
"615","Area since should catch former","369.69","false"
"616","Although administration","132.19","true"
"617","Simply point","175.90","false"
"618","Somebody PM service according","33.48","false"
"619","Tv newspaper","261.13","false"
"620","Relate face pay wonder system","483.62","false"
"621","Stand we list state case","264.20","false"
"622","Something protect care","24.77","false"
"623","Situation arrive","22.01","false"
"624","Law right fight night","481.87","false"
"625","Analysis someone single","106.59","true"
"626","Radio cause though","4.81","true"
"627","Every inside","208.36","true"
"628","So interest to kid","34.77","true"
"629","Style expect attorney","122.08","false"
"630","High office","434.18","true"
"631","South how involve","401.98","true"
"632","Skin economy step establish attorney","208.29","false"
"633","Too pick ok environmental prove","72.67","true"
"634","That apply right third","419.95","false"
"635","Be develop skill","432.39","false"
"636","Two between win drug","161.63","false"
"637","Write score","421.71","true"
"638","Wall cell","319.62","true"
"639","Check herself may yourself challenge","404.84","true"
"640","Just another suggest according","188.02","false"
"641","Beautiful candidate represent","467.91","false"
"642","Use garden speak","262.46","true"
"643","Likely Mrs","246.16","false"
"644","Seek activity","254.87","true"
"645","Attack across painting","280.52","true"
"646","Close heavy medical","288.06","true"
"647","Manage develop ago voice common","459.00","true"
"648","Nor likely site traditional","8.72","true"
"649","Consider brother sound","271.39","true"
"650","Girl research painting western","260.19","true"
"651","Design item arm total argue","342.30","false"
"652","Course become interest","281.80","true"
"653","Value foreign","269.64","true"
"654","Education whatever play beat","311.86","true"
"655","Interest nice politics half","230.94","false"
"656","Civil each lot","478.70","true"
"657","Half note allow week","285.56","true"
"658","Score office wind already standard","360.26","false"
"659","Senior lose manage","476.79","true"
"660","Lay meet win rock according","25.27","true"
"661","Point run floor","461.56","true"
"662","Situation national during good visit","113.02","false"
"663","Toward impact material notice thing","465.53","false"
"664","Soon professor by same question","134.34","false"
"665","Vote structure now another","347.70","false"
"666","Language girl language term must","178.80","true"
"667","Other design charge talk","310.42","false"
"668","Phone finish one message walk","93.23","true"
"669","Process people himself worker","464.71","true"
"670","Herself most up shake","161.08","true"
"671","Home recently perform staff","59.26","false"
"672","Our need far rate poor","379.65","false"
"673","Level across","181.42","false"
"674","Or majority good","174.14","true"
"675","Food why fill individual","38.23","false"
"676","Watch make result human","195.09","true"
"677","Road letter why environmental begin","194.40","true"
"678","Physical source","285.26","false"
"679","See condition sister","321.65","true"
"680","Maintain stage","85.64","false"
"681","Yet report director","230.69","true"
"682","Economy state difficult mention","166.60","false"
"683","Station group","281.77","false"
"684","Sea art environment why","300.05","true"
"685","Around century determine never","87.49","false"
"686","Big give","456.93","false"
"687","Common avoid instead","401.30","false"
"688","Small American radio film marriage","282.13","true"
"689","Try surface quickly cost","361.39","false"
"690","Pick yeah person join truth","428.67","false"
"691","Office remember number factor message","157.90","true"
"692","View sometimes most individual","134.76","false"
"693","Condition week industry moment hotel","255.24","true"
"694","Account everybody mention late","178.30","false"
"695","Home catch suffer","329.97","true"
"696","As add financial","391.88","false"
"697","Church painting care benefit","444.63","false"
"698","Example character size drive modern","463.30","false"
"699","Land music fall everyone public","315.69","true"
"700","Short minute","51.93","true"
"701","Ever despite employee we","3.45","true"
"702","Process return rich","372.86","true"
"703","Necessary about create","284.07","true"
"704","Usually green begin argue voice","294.76","false"
"705","Feeling light stand religious","150.38","true"
"706","There audience","13.77","true"
"707","Key foot thought feeling","235.78","true"
"708","Despite article model whole","478.49","true"
"709","Where a","3.28","true"
"710","Different heart","476.42","true"
"711","Between care","53.66","false"
"712","Ability chance nation house","453.51","false"
"713","Same finish risk","106.13","true"
"714","Page play safe provide","216.93","false"
"715","System over effort","29.42","true"
"716","Election history","79.95","false"
"717","General almost take","269.32","true"
"718","Them agree ago","74.15","true"
"719","Floor other","486.39","true"
"720","Down letter understand","483.13","true"
"721","Father realize face","25.07","true"
"722","Home today thousand","112.24","false"
"723","Least per station approach","237.53","true"
"724","Difference doctor system when","443.90","true"
"725","History someone know","413.95","true"
"726","Training chair already answer","437.47","false"
"727","Quality alone model","144.20","true"
"728","Matter community model","219.04","true"
"729","Her large do","191.02","true"
"730","Parent art","45.86","true"
"731","Beyond each","446.47","true"
"732","Day before board ago","492.73","true"
"733","Now his","254.88","false"
"734","Concern college support","398.37","true"
"735","Girl human evidence service","9.37","true"
"736","Radio politics agent","195.85","true"
"737","Painting because wide attack","68.23","false"
"738","Entire ten cold either western","169.50","true"
"739","Recently agreement certain compare behavior","218.09","true"
"740","View such seat","86.01","true"
"741","Long hundred body she","10.80","true"
"742","Purpose rise north red base","292.10","false"
"743","Arm image","17.99","true"
"744","Him whom enjoy","348.86","true"
"745","Production design","446.07","false"
"746","Article resource","358.75","true"
"747","Piece meet plant Congress","246.10","true"
"748","Open election recent human","250.59","false"
"749","News American piece","228.47","true"
"750","Magazine against much see","350.71","false"
"751","Whose service Democrat despite","63.85","false"
"752","Future institution billion","421.23","true"
"753","By top","3.34","true"
"754","Meeting minute item bad good","446.64","true"
"755","Best skin","151.97","false"
"756","Agreement most base occur election","318.78","false"
"757","Fight political school","315.42","false"
"758","Trip environmental","383.13","false"
"759","Send only space forget book","123.31","false"
"760","Across by agency","228.47","true"
"761","Buy thus sort","424.57","false"
"762","Level really magazine","122.60","true"
"763","Some move myself","449.33","false"
"764","Determine medical","307.80","true"
"765","Several suffer wish","81.06","true"
"766","Plant add so cell","297.66","true"
"767","Main live agree prove","334.86","false"
"768","Special best sell","469.35","true"
"769","Hour easy risk","488.91","true"
"770","Shake past by government statement","331.50","true"
"771","Section wind structure where hundred","20.07","true"
"772","Join measure animal ready sell","192.49","true"
"773","Future outside major","324.82","true"
"774","Team stuff","485.33","false"
"775","Property play economic figure","328.44","false"
"776","Major gun story","419.00","true"
"777","Father eat rather Democrat","48.78","true"
"778","Board appear note","438.51","false"
"779","Do nation firm would","133.01","false"
"780","Third lot rise lot","304.37","true"
"781","Two act conference general audience","22.82","true"
"782","Believe create","280.37","true"
"783","Also let also although","406.69","false"
"784","Must recognize arm","439.86","true"
"785","Clear all this event then","285.31","true"
"786","Figure happen candidate","232.67","false"
"787","Hair find hospital off sit","425.04","true"
"788","Make me product","158.77","false"
"789","Place poor home","461.60","false"
"790","Professional free establish","235.68","false"
"791","Stage loss interest","468.18","true"
"792","Computer myself reach usually suffer","318.36","false"
"793","Nice outside former as","102.44","false"
"794","Bring store","418.99","false"
"795","Else strong opportunity your","467.98","false"
"796","Why certainly ahead forget shake","401.30","true"
"797","Forward agency stand","412.43","false"
"798","Establish be their build force","125.34","true"
"799","Rest turn","237.44","true"
"800","Law maintain worker","270.20","false"
"801","Trouble decade appear capital","262.60","true"
"802","Different audience","333.41","true"
"803","Travel field record","348.21","false"
"804","Reflect way wrong once","125.54","false"
"805","House book early","230.27","true"
"806","Arrive public two bag rock","304.84","true"
"807","Statement do reveal bank marriage","256.07","true"
"808","They individual recent play","133.90","false"
"809","Question audience night hospital community","301.89","false"
"810","Trouble bill","254.57","false"
"811","Personal management letter","329.68","false"
"812","Area participant","82.42","true"
"813","Nearly soon yard can","390.71","false"
"814","Respond material care","224.89","false"
"815","Imagine never question","296.90","false"
"816","Dark expect everyone","205.16","true"
"817","From reason fight","352.33","false"
"818","Religious difficult guess","376.09","true"
"819","Forward pass indeed","473.66","true"
"820","Under win oil","159.25","false"
"821","Light fund meeting baby","183.09","true"
"822","Successful discuss either much","12.47","false"
"823","Experience method next name","379.86","true"
"824","Member same","485.19","false"
"825","Available exactly","135.90","true"
"826","Than clearly miss","399.36","true"
"827","Game appear crime","18.28","true"
"828","Pretty mouth crime","59.63","false"
"829","Question song","75.92","false"
"830","Hold western","29.13","true"
"831","Former international mother book","145.24","true"
"832","Language contain","123.03","true"
"833","Over study account win born","494.29","false"
"834","Rise four amount","91.29","false"
"835","Into after will include","381.05","false"
"836","Information charge friend seem","456.13","false"
"837","Despite spend will network","51.32","false"
"838","Information before vote","265.75","false"
"839","Recent along national","373.78","false"
"840","Experience our","359.22","true"
"841","Draw nature","332.64","false"
"842","Star now foot surface","463.29","true"
"843","Look shake","77.04","false"
"844","Figure left answer personal","252.04","true"
"845","Myself build director spend","70.10","false"
"846","Painting card age take exactly","121.92","false"
"847","True charge key kitchen","163.61","true"
"848","Staff need but","190.46","true"
"849","Friend security","211.25","false"
"850","Ability authority","466.32","false"
"851","Energy court","148.26","false"
"852","Everything ok","22.24","true"
"853","Rock mother","358.24","true"
"854","Win catch identify","269.29","false"
"855","Until yourself","387.21","true"
"856","Specific over their thank imagine","18.67","true"
"857","Within investment vote","383.11","false"
"858","Per mouth way","383.79","true"
"859","Heavy Republican particular","380.05","true"
"860","Benefit realize while","75.42","true"
"861","Case top everything look","226.71","false"
"862","Learn bill seek","437.83","false"
"863","What us look traditional","301.50","false"
"864","Oil individual enjoy especially","137.68","false"
"865","Benefit old chance risk","442.26","true"
"866","Rich herself special sound too","243.90","false"
"867","Try four born","135.88","false"
"868","Daughter peace","77.19","false"
"869","Idea manager talk too decide","455.07","true"
"870","Fight customer apply","180.94","true"
"871","Employee foot","274.39","false"
"872","Start drug","359.53","false"
"873","Experience treat leg lay court","91.61","true"
"874","Next different his","137.63","true"
"875","Share year","358.02","true"
"876","Energy oil perhaps for","61.23","false"
"877","Effect data say politics line","255.47","true"
"878","However truth provide ask","234.43","false"
"879","Quality although environment","147.85","false"
"880","Them table board","23.01","true"
"881","Return past","202.73","true"
"882","It if attack","141.54","true"
"883","Sit employee beautiful sign understand","43.74","false"
"884","Watch even camera","272.47","false"
"885","Story accept central share","400.56","false"
"886","Husband southern serious","178.29","true"
"887","Key determine professional practice","119.35","false"
"888","Kid account medical","48.92","true"
"889","Degree challenge development whether simple","1.10","false"
"890","Key style","43.44","false"
"891","Job organization difference","303.27","true"
"892","Minute decision call","240.70","true"
"893","Class since maintain","386.26","false"
"894","Trouble minute","360.41","true"
"895","Consumer amount garden","257.28","true"
"896","Have science","316.12","false"
"897","Admit real condition","215.01","true"
"898","Economic on film","411.82","false"
"899","Order often very loss risk","323.14","true"
"900","Many break girl be","54.68","false"
"901","Ago man control under","2.68","false"
"902","To discussion vote","87.97","false"
"903","Two describe","142.25","true"
"904","Project another allow thing","203.27","false"
"905","After teacher who","424.83","true"
"906","Few sit truth organization","166.31","true"
"907","Specific simply whose near easy","344.58","false"
"908","Act world inside","467.01","true"
"909","Article check per","72.27","true"
"910","Support yeah","446.90","true"
"911","Will contain present","183.02","true"
"912","Recent something morning","332.33","true"
"913","Me which team","205.28","false"
"914","Letter within cause","82.28","false"
"915","Medical garden","356.06","true"
"916","So employee his","29.96","true"
"917","Smile vote participant head","442.65","true"
"918","Blue mother weight voice tonight","205.65","false"
"919","Face forget","55.63","false"
"920","Yet have against seat","255.27","true"
"921","Difficult seven guess card deep","183.49","false"
"922","Medical hundred standard window","64.36","true"
"923","Season thus trade","190.84","true"
"924","Various upon base","317.91","false"
"925","Compare soon play relate quite","79.49","false"
"926","Us expect science rule","404.91","true"
"927","Water drug rich always necessary","170.73","false"
"928","Successful store system since","12.20","true"
"929","Return perform nearly","119.80","false"
"930","Senior find tax","98.82","false"
"931","Occur trouble moment bad discover","176.66","false"
"932","Investment court method on","5.93","false"
"933","No remain with laugh","147.84","true"
"934","Especially read","352.80","true"
"935","Walk project country development","36.29","false"
"936","Commercial stay","223.36","true"
"937","Of than professional","117.67","true"
"938","Already when ask election","420.46","true"
"939","Positive offer","403.71","false"
"940","General at arrive public site","370.65","false"
"941","Force security audience","449.81","false"
"942","Free use next","104.09","false"
"943","Right culture actually","254.73","true"
"944","Himself mean interview","285.31","true"
"945","Movement lead still","82.54","false"
"946","Direction hundred","49.68","true"
"947","None forward price exist","378.41","true"
"948","Knowledge course","236.76","false"
"949","Around together next","27.87","false"
"950","Name none","286.79","false"
"951","Car remember table really scientist","53.44","true"
"952","Spring wrong up","168.85","false"
"953","Mrs which tough dog police","59.43","false"
"954","Want born hard environment","142.53","false"
"955","Section Mr box debate","314.76","false"
"956","Leg magazine","98.05","false"
"957","Fear send law","138.45","true"
"958","Travel no responsibility","486.60","false"
"959","On create be because rule","350.44","true"
"960","Win painting that","275.57","false"
"961","Successful herself allow","260.64","true"
"962","West their front up","66.53","false"
"963","Body push","472.90","true"
"964","Right base tell his sometimes","47.88","true"
"965","Sort end cold always","334.61","true"
"966","Beat wall site far usually","426.37","true"
"967","Ok make four blue","42.55","false"
"968","Quite check various conference alone","265.10","true"
"969","Point economy","473.29","true"
"970","Safe case she face","113.15","true"
"971","Charge scientist area about","299.46","false"
"972","Inside rate defense too must","409.97","false"
"973","Most miss","172.40","false"
"974","Everything standard result","199.49","false"
"975","Hand skin part","451.57","true"
"976","Into pressure compare amount","166.93","true"
"977","Ahead perform Democrat baby","484.62","true"
"978","Describe thank Republican west","190.86","false"
"979","Player marriage guy away","357.26","true"
"980","Glass participant push house","66.23","true"
"981","Which try class","326.57","false"
"982","Car street others throughout","334.34","true"
"983","Leave yes dog yeah","158.23","false"
"984","Son believe work","326.34","false"
"985","Simple leave nothing public throughout","117.92","true"
"986","Hospital strategy","166.76","false"
"987","Analysis there phone brother will","207.18","false"
"988","Painting measure month team","202.93","false"
"989","Throughout three sense","357.80","true"
"990","Son vote interest want","279.32","false"
"991","Chance game sing word","477.83","true"
"992","Activity weight goal","444.00","true"
"993","Think of condition nearly detail","183.82","true"
"994","Raise wide low car you","123.11","true"
"995","Simple very a","125.78","true"
"996","Common before then interview","151.17","true"
"997","Others skill","101.73","false"
"998","Again morning ahead main","152.16","true"
"999","Successful listen","347.03","true"
"1000","Level offer computer international walk","119.64","false"
"1001","Indeed test onto audience","256.06","false"
"1002","Dog all girl build","110.00","true"
"1003","Board tree matter foot none","378.76","false"
"1004","Rest south quickly better","163.05","true"
"1005","Remember than close","500.03","false"
"1006","Pull third ability","218.74","true"
"1007","Scientist decision within","190.25","true"
"1008","Deal somebody important","272.07","false"
"1009","Debate easy commercial","164.87","false"
"1010","Show include guess forget","92.27","false"
"1011","Especially sort while","403.37","false"
"1012","Hour political Mr green wall","449.55","false"
"1013","Find shoulder near citizen","31.52","true"
"1014","Dinner picture continue","241.84","false"
"1015","Rather every cut individual","391.86","true"
"1016","Appear read how","371.28","true"
"1017","Fall medical anyone property anything","116.41","false"
"1018","Remember reveal reach happy","499.25","false"
"1019","Writer set","147.30","true"
"1020","Someone wide","416.63","true"
"1021","Bag material stay","408.51","true"
"1022","Minute suggest move head","50.41","false"
"1023","Where task through energy despite","98.79","false"
"1024","Audience usually kid coach where","229.09","true"
"1025","Have white those better","42.18","true"
"1026","Suggest family friend home building","72.22","false"
"1027","Those person experience","145.74","true"
"1028","Property set line hotel pass","60.63","true"
"1029","Act true attack","456.29","true"
"1030","Billion fly why study side","184.59","false"
"1031","Summer finally thought","213.92","false"
"1032","Message seem campaign","221.05","false"
"1033","Democrat garden even worry style","405.41","true"
"1034","Provide surface have arm listen","166.71","true"
"1035","Realize doctor bag","216.21","true"
"1036","Service foreign forward nation","100.11","true"
"1037","Professor here culture speech","409.88","false"
"1038","Human partner we","218.37","true"
"1039","Behavior left attention eat","328.47","false"
"1040","Create himself water small task","478.10","true"
"1041","Avoid appear off set remain","177.38","true"
"1042","Even attorney must","165.84","false"
"1043","You as","302.14","true"
"1044","Painting TV","338.38","true"
"1045","Before public partner form team","476.81","false"
"1046","Whose voice firm may","198.16","false"
"1047","Every often return","194.16","false"
"1048","Real sense report off finish","468.12","true"
"1049","Involve listen new form","118.54","true"
"1050","However blood for about","6.64","true"
"1051","Top discuss discuss decide surface","206.88","true"
"1052","Beyond purpose require dinner","351.05","false"
"1053","It born southern","295.49","true"
"1054","Hear allow","472.91","false"
"1055","Health ground","25.55","false"
"1056","Final American","411.79","true"
"1057","Space class be likely","488.53","false"
"1058","Scientist suddenly seek sister throw","483.23","true"
"1059","Trouble pretty able","364.17","true"
"1060","Director anyone able","262.74","false"
"1061","Question get","292.98","true"
"1062","Reflect rule","216.08","true"
"1063","Already miss","17.73","true"
"1064","Decision throw partner","346.87","true"
"1065","Doctor growth gas so by","126.69","true"
"1066","Rock despite grow power","221.12","true"
"1067","Mention surface people source almost","56.57","false"
"1068","Impact value visit billion","326.77","true"
"1069","Behavior possible","429.88","true"
"1070","Style floor arm","494.07","true"
"1071","Citizen budget resource truth trade","163.86","true"
"1072","Figure pull fine","396.81","true"
"1073","Green business window guy","183.98","true"
"1074","Old risk central","102.43","false"
"1075","Class attack table society","334.24","false"
"1076","Join information team bank","484.32","false"
"1077","Of building worry pretty until","479.24","true"
"1078","Provide range somebody","458.06","true"
"1079","Business father democratic computer","38.88","true"
"1080","Way at it but","275.18","false"
"1081","Civil design almost off","97.70","true"
"1082","Song professional nature","417.65","true"
"1083","Business section exactly","289.56","false"
"1084","Job billion lead teacher","18.64","true"
"1085","Guy today somebody cut","48.38","true"
"1086","Production join treat figure","424.73","true"
"1087","Room option lay west","241.11","false"
"1088","Box because accept","64.64","false"
"1089","Onto marriage senior","468.07","true"
"1090","Anything public professor daughter while","392.95","true"
"1091","Interview early yourself","443.02","false"
"1092","Suggest exist dream although","159.97","true"
"1093","Sea yet attention","216.11","true"
"1094","Do growth grow","241.18","true"
"1095","Listen approach reveal","56.96","true"
"1096","Well exactly kid","370.43","false"
"1097","Theory party","284.08","true"
"1098","Local above","343.26","true"
"1099","Wish find avoid moment health","464.34","true"
"1100","Become world art Democrat though","397.93","true"
"1101","Training out particularly game","56.65","true"
"1102","Then own style act","227.51","false"
"1103","Almost near old happy","234.71","false"
"1104","Road cause reach","124.39","true"
"1105","Population technology","302.84","false"
"1106","Moment authority stop","83.64","false"
"1107","Yeah boy also public","179.21","false"
"1108","Thing it main pay","158.92","true"
"1109","Security event north","271.20","false"
"1110","Win hour big","377.94","true"
"1111","Fill phone","246.00","true"
"1112","College clearly bring want institution","170.90","true"
"1113","Rock economic something realize we","383.62","false"
"1114","Hope power accept","367.83","false"
"1115","Mission ago drive","57.87","false"
"1116","Because within","60.68","true"
"1117","Stock individual","359.07","false"
"1118","Learn ready","381.01","true"
"1119","People hand wrong onto","122.99","false"
"1120","Still easy production your","373.66","true"
"1121","Area because","482.06","true"
"1122","Region money threat senior agree","293.26","true"
"1123","Ahead article TV paper","435.81","false"
"1124","Guess chance Mr","500.38","false"
"1125","Art state","65.91","true"
"1126","Score company main similar","193.15","false"
"1127","New purpose no","223.97","false"
"1128","Rich reduce civil","15.87","false"
"1129","Professor Republican authority","5.17","true"
"1130","Water close","221.97","false"
"1131","Practice cover","488.96","true"
"1132","Present speech board dinner","405.20","false"
"1133","Main generation pattern most","138.76","false"
"1134","Main sign effort purpose size","212.36","true"
"1135","Test drug air stand","90.57","true"
"1136","Heavy arm top","311.10","false"
"1137","Soldier office big determine","262.91","false"
"1138","Since thousand specific","223.80","false"
"1139","Hold food simple partner","235.48","true"
"1140","Suggest lay second","425.41","true"
"1141","Player blood responsibility","422.43","true"
"1142","Only budget rock candidate","218.64","true"
"1143","Write production enough","418.12","true"
"1144","Manager again","450.77","true"
"1145","Again off clear idea","345.03","false"
"1146","Reality space doctor","24.73","true"
"1147","Red model","291.06","false"
"1148","In manage value population","341.21","false"
"1149","Deal baby believe loss","150.01","false"
"1150","Commercial general commercial","467.36","false"
"1151","At me save health include","435.39","true"
"1152","Interview happen movie from","251.65","false"
"1153","Or Mr indeed occur itself","361.18","true"
"1154","Eight stock","359.21","true"
"1155","How my develop population","114.45","true"
"1156","Edge his when administration","171.46","true"
"1157","Pm factor arrive old","61.39","true"
"1158","Difficult nor film","314.84","false"
"1159","Difference loss effect","244.39","false"
"1160","Effort myself hope","414.34","true"
"1161","Discover edge surface","47.77","false"
"1162","Series pattern produce answer recognize","296.84","true"
"1163","Their change hear green","489.97","false"
"1164","Direction as contain","5.72","false"
"1165","Upon tough","30.56","false"
"1166","Never voice difficult meet","103.43","true"
"1167","After let than","426.32","false"
"1168","Name side already computer","386.27","true"
"1169","Eat they any ball","50.60","false"
"1170","Name trade","458.75","false"
"1171","Today space know use build","103.56","true"
"1172","Place class","113.46","false"
"1173","View grow into agent","171.75","false"
"1174","Off start","103.01","false"
"1175","Keep scientist until couple face","347.42","true"
"1176","Improve meeting sit election item","302.49","false"
"1177","Indicate assume city blue","328.95","true"
"1178","Group might red meet","471.68","true"
"1179","Carry then look program","263.81","false"
"1180","Most approach view seem","86.63","false"
"1181","Season artist","0.23","true"
"1182","Job fine program view","125.41","true"
"1183","Student nice sort cause knowledge","14.27","false"
"1184","Eat central","161.82","false"
"1185","Measure matter","410.40","false"
"1186","Both player","221.36","false"
"1187","Wind large key I far","68.30","false"
"1188","Eat action it throw","296.87","false"
"1189","Above of number","108.22","true"
"1190","Quickly right may","377.29","false"
"1191","Serious very","108.28","true"
"1192","Treatment have service my age","185.30","true"
"1193","Debate fire close improve","418.89","true"
"1194","Though at stage move","406.55","false"
"1195","Tonight let media collection","491.48","false"
"1196","Peace first","166.57","true"
"1197","Probably many research","384.53","true"
"1198","Feel available begin","224.05","false"
"1199","Community fear environmental","474.90","true"
"1200","Capital above","468.48","false"
"1201","On realize","288.91","true"
"1202","Indicate attorney","45.50","true"
"1203","Claim seven","70.03","false"
"1204","Back few few","261.22","false"
"1205","Notice bit condition","138.99","false"
"1206","However budget without","7.39","false"
"1207","Figure expert two ready north","437.14","false"
"1208","Include stage","434.19","false"
"1209","Coach accept truth","240.04","true"
"1210","Government test growth","324.60","true"
"1211","Dark write peace positive attention","471.46","true"
"1212","Center level political easy","442.35","false"
"1213","Direction property area","207.34","false"
"1214","Truth him than player project","13.36","true"
"1215","Top hospital method","337.33","true"
"1216","Writer station","261.81","true"
"1217","Theory agency learn","279.57","false"
"1218","Value experience red","245.66","true"
"1219","Specific yourself","457.65","false"
"1220","Line collection enter board a","492.67","false"
"1221","Alone business choice notice","47.62","false"
"1222","Seem front once","417.09","true"
"1223","School throw coach","105.12","true"
"1224","Produce board difference cause believe","440.54","false"
"1225","Laugh likely success skill","5.69","false"
"1226","Civil science worry knowledge simple","271.22","true"
"1227","Set small always woman","407.45","true"
"1228","Choose current","320.78","false"
"1229","Listen individual impact rule alone","192.88","true"
"1230","Million machine example news","306.70","false"
"1231","Much increase morning reflect","446.16","false"
"1232","Environment result worry","35.40","false"
"1233","Sing team","165.29","false"
"1234","Outside else base","211.85","true"
"1235","Light firm wait training measure","299.58","true"
"1236","Country push cover responsibility on","386.85","true"
"1237","Food interview out mouth heavy","337.69","true"
"1238","Benefit collection personal throw","397.32","false"
"1239","Mr sea","8.48","false"
"1240","White themselves by","75.13","false"
"1241","Medical top traditional","7.54","true"
"1242","Part why all share","393.72","true"
"1243","Generation mind teacher","157.23","false"
"1244","Beat information social develop","302.44","true"
"1245","Shake method girl prepare friend","331.13","true"
"1246","Not east low garden","75.97","true"
"1247","Call above","313.15","false"
"1248","Single available","340.42","false"
"1249","Throughout how beyond","47.38","true"
"1250","Far its message ask","449.32","true"
"1251","Respond voice less","248.89","false"
"1252","House agreement call night","311.90","true"
"1253","Hot hour material","59.97","false"
"1254","Culture speak stage really","414.37","false"
"1255","Oil moment perform pay business","180.74","false"
"1256","Anything those country determine","154.82","true"
"1257","Follow voice food","9.99","true"
"1258","Too spring last","124.40","false"
"1259","Term world town","489.89","true"
"1260","National cell","297.38","false"
"1261","Old build partner","287.11","false"
"1262","Win citizen","125.56","false"
"1263","Cover probably provide happen","101.44","false"
"1264","Article fine born","181.99","false"
"1265","Bed small shake","423.17","false"
"1266","Product assume imagine","135.82","false"
"1267","Left my some truth report","414.67","true"
"1268","Suddenly according common","411.55","true"
"1269","Reason section","1.72","false"
"1270","Car believe only","212.02","false"
"1271","Respond like third think","299.03","false"
"1272","Floor group either north","22.27","false"
"1273","Growth wind","412.77","false"
"1274","Administration future pass glass audience","146.51","true"
"1275","Coach catch outside when","162.81","true"
"1276","Discussion dinner","481.47","true"
"1277","Again authority name often","319.83","false"
"1278","Continue wait claim system","327.36","true"
"1279","Seven common machine","131.76","true"
"1280","But make stage","432.09","true"
"1281","Tree why spring service","495.82","true"
"1282","Old together least Mr off","128.74","true"
"1283","Improve now really fast join","27.68","false"
"1284","Truth ability","192.26","false"
"1285","Candidate myself no","344.19","true"
"1286","South as rise best","250.21","true"
"1287","Involve people","110.12","false"
"1288","Owner night","223.26","true"
"1289","The of party","400.59","false"
"1290","Word fund page baby","63.24","true"
"1291","Professional shoulder receive property pass","330.77","true"
"1292","Kind development sister","379.11","false"
"1293","Head inside effect threat reveal","161.78","true"
"1294","Knowledge per fly","261.66","true"
"1295","Describe those letter","94.82","true"
"1296","Production control source set","198.51","false"
"1297","Push class far some","246.49","true"
"1298","Likely future price support","373.36","false"
"1299","East finish lose","68.38","true"
"1300","Employee conference safe","468.76","true"
"1301","Power operation garden range week","212.02","false"
"1302","Measure sense beat soldier whatever","482.25","true"
"1303","Significant certain name high","308.19","true"
"1304","Have we suggest authority","324.92","false"
"1305","Add democratic perhaps","103.39","false"
"1306","How series effort","350.78","false"
"1307","Light matter article try","462.31","true"
"1308","Gas drive capital woman good","61.24","false"
"1309","Great unit claim","400.10","true"
"1310","Themselves then practice","448.82","true"
"1311","Who leader show support according","219.61","true"
"1312","Fear watch career clearly","420.40","false"
"1313","Safe cut per light","278.69","false"
"1314","Different chair price area","140.82","false"
"1315","Born single race high","212.72","false"
"1316","Buy than adult person","44.60","false"
"1317","Center leave","142.35","false"
"1318","Continue plan research table","24.68","false"
"1319","Operation bag give one wait","308.61","false"
"1320","Look leader southern political sell","14.49","false"
"1321","Become rule several pattern","16.05","true"
"1322","Material break service ago perform","460.21","true"
"1323","Reason year data back road","482.45","false"
"1324","Mind accept camera wall strategy","9.34","true"
"1325","Amount star","459.69","false"
"1326","Friend or have scientist","370.33","true"
"1327","Seven this more month strong","324.88","true"
"1328","Improve respond seek","331.48","false"
"1329","Will bit standard service","177.61","false"
"1330","Far TV","413.28","true"
"1331","Main so adult example","18.21","true"
"1332","Know change","83.60","false"
"1333","Son minute work","136.09","true"
"1334","Radio student the","244.75","true"
"1335","Environmental reduce new election show","451.82","true"
"1336","Fly follow decision office owner","36.69","true"
"1337","Discover reduce","207.97","false"
"1338","Practice force lawyer great","156.10","false"
"1339","Example laugh","12.81","false"
"1340","Our other perhaps","45.02","false"
"1341","Level character radio friend service","446.63","true"
"1342","Appear your short budget","48.26","false"
"1343","Water second dark","351.26","false"
"1344","Back perhaps point","333.32","true"
"1345","Defense green","282.41","true"
"1346","For accept window together threat","491.69","false"
"1347","Suggest practice loss","22.15","false"
"1348","Leg go stuff","91.34","true"
"1349","Street work recent","193.86","true"
"1350","Life site reduce","219.70","true"
"1351","For organization peace learn","111.17","false"
"1352","Official no event human our","487.96","true"
"1353","Market heart society member","125.19","false"
"1354","Organization why could let never","60.70","false"
"1355","Begin sort use stand","374.19","false"
"1356","Appear kitchen research sit","294.78","false"
"1357","Right beat budget","195.04","false"
"1358","Three past human pick likely","329.94","false"
"1359","Recent participant","316.89","false"
"1360","Step stop","302.84","false"
"1361","During Congress near decade","372.79","false"
"1362","Main easy bill hour","55.73","false"
"1363","Brother plan born","121.98","false"
"1364","If degree","400.45","true"
"1365","Someone show candidate set","365.58","true"
"1366","Low various home describe sing","393.38","true"
"1367","Subject see now choose condition","304.55","true"
"1368","Try avoid later","17.91","true"
"1369","Will something artist hair your","8.80","false"
"1370","Money plant shoulder administration positive","0.18","false"
"1371","Provide wife add describe whatever","371.07","true"
"1372","Include consider support among TV","75.69","false"
"1373","Recognize most easy contain just","169.47","true"
"1374","Discover region stuff","66.02","false"
"1375","Culture billion hear","91.45","false"
"1376","Attorney call according","70.68","true"
"1377","Office moment present over","135.30","false"
"1378","Position bank he continue draw","9.06","true"
"1379","Enter training civil just","420.85","false"
"1380","Action forward develop goal agree","94.48","false"
"1381","Deep chance writer meeting","230.44","true"
"1382","Suddenly enough include","189.77","true"
"1383","Thus entire surface knowledge table","332.71","true"
"1384","Value myself teacher","143.28","false"
"1385","Trouble far section if hold","161.23","true"
"1386","Pattern study father","24.22","false"
"1387","Plan particularly worker","233.25","true"
"1388","Strong item sound","67.17","true"
"1389","Woman state public son","103.83","true"
"1390","Only region thing beautiful","271.34","true"
"1391","Stage discover sister affect","206.60","true"
"1392","This prepare","16.21","true"
"1393","Security hospital","452.68","false"
"1394","Evening imagine","251.75","false"
"1395","Figure chance station series","162.72","false"
"1396","Price form wonder","475.09","false"
"1397","My anyone ago role","434.29","false"
"1398","Heavy ok","250.21","false"
"1399","Risk recently","101.44","false"
"1400","Represent several hair","135.17","false"
"1401","Member final use","269.15","true"
"1402","All American","413.84","true"
"1403","Seem forward police election","440.07","false"
"1404","Thank soldier drop","169.62","true"
"1405","Hair will land hit detail","391.85","true"
"1406","Various hour sure","381.86","false"
"1407","Single response design create move","278.42","true"
"1408","Wind business six body outside","425.73","true"
"1409","Thus born dream add stock","435.24","true"
"1410","Notice pattern race","271.90","false"
"1411","Sea capital","403.04","false"
"1412","Economic clear cultural nation","186.51","true"
"1413","Compare plant","425.10","true"
"1414","Price stuff minute worry","273.36","false"
"1415","Hundred save spend","385.26","false"
"1416","Right hotel modern candidate","332.91","false"
"1417","Enter training and","350.88","false"
"1418","With race same","346.90","false"
"1419","Daughter be current","212.21","false"
"1420","Reason television","177.26","false"
"1421","Notice chance entire all perhaps","485.28","true"
"1422","Student evening direction","429.71","false"
"1423","Material order year tell I","313.19","true"
"1424","Decision campaign end","474.87","true"
"1425","Her rock according","180.86","true"
"1426","Look near pass much","119.14","true"
"1427","Culture especially","254.12","false"
"1428","Word head war","334.11","true"
"1429","Prepare thus firm this","92.74","false"
"1430","Attorney necessary sport anything remain","190.58","false"
"1431","Week real conference their","71.98","false"
"1432","Him surface off contain","265.04","false"
"1433","Although paper body local low","3.12","true"
"1434","Military name hope","124.08","true"
"1435","Southern if provide one hold","494.80","false"
"1436","Member physical edge process as","30.99","true"
"1437","Deep sit interview","29.66","true"
"1438","Heavy director","330.38","true"
"1439","Yourself different","428.41","false"
"1440","Nature fly the even","36.99","true"
"1441","Case perhaps value","417.23","false"
"1442","Water painting","474.03","true"
"1443","Ok save","473.53","true"
"1444","Drive leader food","71.10","false"
"1445","Think film adult car begin","149.41","true"
"1446","Leg consumer data direction","30.70","false"
"1447","Anyone wish evening indeed","156.02","false"
"1448","Contain free","37.88","false"
"1449","Field son note","123.55","false"
"1450","Growth leave kid father","233.17","true"
"1451","Thus rule scientist stand","283.57","false"
"1452","Project fall design operation","310.25","false"
"1453","Ok garden want","313.74","true"
"1454","Doctor watch during","398.43","false"
"1455","Catch degree again","249.90","true"
"1456","Business job great sort","23.28","false"
"1457","Hot house however land","20.04","true"
"1458","Expect knowledge throughout","125.67","false"
"1459","Your hold authority","112.63","false"
"1460","Drop where war race cup","348.47","true"
"1461","Measure heavy strong above position","287.75","false"
"1462","My war","378.40","false"
"1463","Public serious magazine","404.23","false"
"1464","Level know instead owner","72.72","true"
"1465","Occur city director stay answer","425.52","true"
"1466","Ago board","34.83","false"
"1467","Decision professor soldier","148.98","false"
"1468","Ask these bad identify","467.93","true"
"1469","Them company exist read","413.57","false"
"1470","Response condition certainly","220.96","false"
"1471","Water know even","0.70","true"
"1472","Leg letter fill","60.48","false"
"1473","Leg reason or","261.48","true"
"1474","Remain painting ball low class","8.00","true"
"1475","Feeling for prepare kind view","237.09","false"
"1476","Nice technology","14.05","false"
"1477","Development instead","450.78","false"
"1478","Sit feel house citizen","479.22","true"
"1479","Push create summer fund everything","103.56","false"
"1480","Former perhaps measure","311.83","false"
"1481","Read outside law off leave","168.57","true"
"1482","Even reflect for","60.57","false"
"1483","Real kitchen wish","417.50","false"
"1484","Difficult evidence finally plant","56.27","false"
"1485","Past news","478.12","true"
"1486","Trial avoid open necessary","205.57","true"
"1487","Account notice answer","376.13","true"
"1488","Huge fund issue customer challenge","483.18","true"
"1489","Parent those yeah choose","48.42","false"
"1490","Benefit raise natural local","202.91","false"
"1491","Public late","452.78","false"
"1492","Best seek with","360.30","false"
"1493","Form crime check","110.35","false"
"1494","Claim black assume machine","300.36","false"
"1495","Together employee week cause","233.66","false"
"1496","Surface look sound officer","308.23","false"
"1497","Case commercial else major however","409.90","true"
"1498","Us would local","333.02","true"
"1499","Number six return","148.77","false"
"1500","Reality it serve","132.37","false"
"1501","Clearly sure memory campaign all","74.34","true"
"1502","Thought establish seek phone program","360.16","false"
"1503","We stuff worker he","327.94","false"
"1504","Safe soldier professor you economy","371.41","false"
"1505","Above office","267.11","true"
"1506","Director still politics art hair","374.55","false"
"1507","Say something social like investment","155.43","false"
"1508","Yet explain body market ready","11.49","true"
"1509","Continue happy subject","393.29","false"
"1510","Remember easy her expect","458.82","true"
"1511","Perform indeed region argue","480.78","true"
"1512","Color ok walk report choice","89.74","false"
"1513","Everything interesting exactly paper mission","153.10","false"
"1514","Off product arm sit","406.56","false"
"1515","Kid side war","127.54","true"
"1516","Plan heart","457.88","true"
"1517","Oil this myself defense","140.03","false"
"1518","Other happy property","365.50","false"
"1519","Computer song test respond","4.41","true"
"1520","Require clearly rock","41.96","false"
"1521","Mrs less","458.48","false"
"1522","Almost believe clearly door","298.41","false"
"1523","Individual culture good","338.58","false"
"1524","Board however woman voice","71.80","true"
"1525","Business hotel past series","85.83","true"
"1526","Later its senior","85.43","true"
"1527","Where job city","21.73","false"
"1528","Six party","309.03","true"
"1529","Product above behind owner three","391.30","false"
"1530","White loss attorney defense","500.85","false"
"1531","Would small blood during give","466.02","true"
"1532","There great easy natural morning","174.26","false"
"1533","High society purpose give","270.21","true"
"1534","Green my politics social","460.76","false"
"1535","Garden training staff toward those","228.76","true"
"1536","Field me as","75.07","false"
"1537","Community many radio fill","417.24","true"
"1538","Until scientist yet","438.17","true"
"1539","Raise sign daughter respond image","138.91","false"
"1540","Mother get future","215.81","false"
"1541","Age country son officer share","483.58","false"
"1542","Democratic anyone cut sport trial","423.09","true"
"1543","Director street article nearly focus","202.72","true"
"1544","Image charge hard","50.29","false"
"1545","Method participant away southern","408.13","true"
"1546","Mouth agent","471.88","true"
"1547","Where manage hold","434.17","false"
"1548","Give reason main within design","87.50","true"
"1549","Three learn market start","357.77","true"
"1550","May both must whether bank","252.73","false"
"1551","Present edge forward","344.91","false"
"1552","Often mouth medical","333.79","false"
"1553","Property skill apply few","179.40","true"
"1554","Anyone marriage energy great","211.70","true"
"1555","Congress I American everybody","281.24","false"
"1556","Model office series","97.24","false"
"1557","None career everybody dark memory","320.33","true"
"1558","Piece drug","493.98","true"
"1559","Itself say","194.53","true"
"1560","Mean give","313.43","false"
"1561","Their government other issue consumer","148.74","true"
"1562","Exist term wife","322.93","false"
"1563","A there maintain","460.03","false"
"1564","Capital pick sing","102.17","false"
"1565","Word dinner effect example","347.37","true"
"1566","Million huge","21.24","false"
"1567","Include order watch information institution","112.62","true"
"1568","Thing trial open","39.47","false"
"1569","Respond face believe","68.90","true"
"1570","Significant sport all yourself","177.58","true"
"1571","Act avoid thousand","177.33","true"
"1572","Every no","155.12","false"
"1573","Big growth space first","308.96","true"
"1574","Official area southern","270.10","true"
"1575","North medical","331.15","true"
"1576","Ball that book usually","457.60","false"
"1577","As local per a","67.07","false"
"1578","Weight above morning","360.08","false"
"1579","Term director fight where","284.60","false"
"1580","Throw put form","74.39","true"
"1581","Discover piece blue","46.78","true"
"1582","Democratic blood at such","402.41","true"
"1583","Range from toward buy","88.21","false"
"1584","Physical which rock language rock","73.09","true"
"1585","Apply public","168.07","true"
"1586","Kind voice then cost","312.49","true"
"1587","Forget above growth ground","62.33","false"
"1588","Direction oil tonight","496.82","true"
"1589","Goal safe fund tell","446.17","true"
"1590","Fine prove","312.05","true"
"1591","Seven task else","4.51","false"
"1592","Term easy task","299.65","false"
"1593","Break little say federal","451.15","false"
"1594","Hot herself call better","206.40","true"
"1595","Single anyone","448.01","true"
"1596","Stock animal computer two game","134.38","false"
"1597","Book item race successful","237.86","true"
"1598","Action ever fear nice alone","176.54","true"
"1599","Kind central add class","7.53","false"
"1600","Oil participant woman","168.29","false"
"1601","Talk he approach","160.16","true"
"1602","Hour act test","420.21","true"
"1603","With cup receive","212.17","true"
"1604","Class line allow","407.92","true"
"1605","Bit business dog form","2.72","true"
"1606","Site always","101.55","false"
"1607","Produce nor may","79.70","false"
"1608","Trade war","321.52","true"
"1609","Soldier sing","460.55","true"
"1610","Happen candidate either","174.65","true"
"1611","Conference six I nation","180.59","false"
"1612","As decision","72.65","false"
"1613","City former class audience season","281.67","true"
"1614","History certain then","459.18","false"
"1615","Ten cost eye your take","168.00","true"
"1616","There these clearly","228.06","false"
"1617","Wonder others","60.43","true"
"1618","Speech one","268.47","true"
"1619","Describe including fast late","233.78","true"
"1620","Pick wrong option outside tough","354.49","true"
"1621","Fall sell class smile ability","14.79","false"
"1622","Seven everyone a mission","399.90","true"
"1623","Better speak bad floor","253.86","false"
"1624","Drug those future the","330.35","false"
"1625","Shake them window","39.18","true"
"1626","Treatment itself decision such research","485.85","false"
"1627","Prepare appear plant scene","114.51","false"
"1628","I of today bed","301.60","false"
"1629","Exactly none page whether","209.96","true"
"1630","Machine look purpose","228.28","false"
"1631","Modern over art","116.85","false"
"1632","Into worry mouth government meeting","283.02","true"
"1633","Public old send","397.89","true"
"1634","Trouble expect democratic leave","292.99","true"
"1635","Hear success front","364.66","false"
"1636","Summer top require","368.83","true"
"1637","Prepare new","77.63","true"
"1638","Building during live family media","340.15","false"
"1639","List with modern","227.13","false"
"1640","Special eye give","190.92","false"
"1641","Reach small account full foreign","11.27","true"
"1642","Event parent security","491.32","true"
"1643","This road","81.16","false"
"1644","News dark somebody","255.45","false"
"1645","Itself theory exactly","232.28","false"
"1646","Wall yes peace economic","104.90","true"
"1647","Group color thought","267.12","true"
"1648","On upon","57.61","true"
"1649","Sing affect item station room","248.12","false"
"1650","Do stand field speech see","433.02","false"
"1651","Nearly exactly suggest","97.64","true"
"1652","She stock store remember suggest","363.05","true"
"1653","Difference work top small","87.19","false"
"1654","Focus scene up score","65.38","true"
"1655","Another likely need","336.90","false"
"1656","Structure blue","317.76","false"
"1657","Town stay skill cell","458.92","true"
"1658","Worker PM","241.31","true"
"1659","Term most base human walk","385.23","false"
"1660","Chair white likely various","52.84","false"
"1661","Nation involve simply media","263.53","false"
"1662","Be beautiful season data use","382.89","false"
"1663","Over six this process actually","12.08","false"
"1664","Expect area behavior marriage","397.85","true"
"1665","Specific test model","230.12","true"
"1666","Individual especially","413.75","true"
"1667","About sing prepare continue church","190.59","true"
"1668","Collection discussion","205.77","true"
"1669","Exactly sort","379.21","false"
"1670","Use move","442.64","false"
"1671","Along organization first","454.99","true"
"1672","Add nearly class stock","281.53","false"
"1673","Central form movie marriage","418.33","false"
"1674","Big thus artist","281.66","false"
"1675","Hot actually","173.13","false"
"1676","Since recently","172.23","true"
"1677","Television doctor morning base voice","170.95","true"
"1678","Majority too","331.49","true"
"1679","Tough prepare money","81.78","true"
"1680","Your several appear","405.77","true"
"1681","Memory yourself article claim","249.69","true"
"1682","Paper three save","84.01","true"
"1683","Its rate financial young","442.60","false"
"1684","Provide choose today","300.37","false"
"1685","Scene loss keep","201.11","true"
"1686","Student mention head","447.69","true"
"1687","Add mention would","475.24","true"
"1688","Talk two Democrat much method","126.77","false"
"1689","Source network","121.44","true"
"1690","Set agent free often imagine","180.71","true"
"1691","Big husband remember those","461.50","false"
"1692","Next suffer successful","102.86","true"
"1693","Statement dream","185.90","false"
"1694","Finish watch sign hold","43.03","false"
"1695","Pass land itself","492.10","false"
"1696","Story voice attention","405.14","true"
"1697","Issue through white","277.02","true"
"1698","Heavy miss soldier","255.03","true"
"1699","Write whatever despite","23.68","false"
"1700","For war paper tax thus","116.75","false"
"1701","Again play last","45.98","true"
"1702","Team them argue ever ok","275.80","true"
"1703","Sign reach on","106.55","true"
"1704","Even so","44.00","true"
"1705","Listen ability treatment standard","28.06","false"
"1706","Where make buy seem","69.12","false"
"1707","That law ok baby","405.70","false"
"1708","Beyond check hear like","429.44","true"
"1709","Such every thus","433.55","true"
"1710","Tree skill free","477.36","false"
"1711","Allow help market scientist","251.45","true"
"1712","End himself sell","246.42","false"
"1713","Marriage camera stop manage","212.63","false"
"1714","Policy baby","215.28","true"
"1715","Late those every writer","123.45","true"
"1716","Glass treat let change toward","492.17","false"
"1717","Including major wear drug","150.88","true"
"1718","Beat room current white heavy","94.93","false"
"1719","Without main heavy","45.94","false"
"1720","Century party","19.09","true"
"1721","Republican throughout main","53.43","true"
"1722","Past debate central rich town","5.87","true"
"1723","Deal business evening usually","271.75","false"
"1724","Market above spring population toward","165.96","false"
"1725","Road political all prove best","361.69","true"
"1726","Pretty rule place","41.17","false"
"1727","Body risk","116.69","true"
"1728","Democratic realize even full","498.53","true"
"1729","Down position baby","147.70","false"
"1730","Finally unit decision","62.30","true"
"1731","Join TV blue condition","209.47","false"
"1732","Brother follow or answer finally","135.65","false"
"1733","Inside buy piece into usually","182.87","false"
"1734","Single example vote decade care","76.45","false"
"1735","Feel direction she","291.64","true"
"1736","Name concern wind","298.87","true"
"1737","Before try research book score","317.79","false"
"1738","School and will","183.76","false"
"1739","Until free center matter","212.19","false"
"1740","Learn training he wait","423.83","false"
"1741","Away about run","499.65","true"
"1742","Hit course listen try","400.29","false"
"1743","Skin wonder how as","456.27","true"
"1744","Unit grow","331.91","false"
"1745","And institution between name","450.74","false"
"1746","Former fear even","20.85","true"
"1747","Water no weight","329.50","false"
"1748","Rest why","291.78","false"
"1749","Enough threat physical leader","95.23","false"
"1750","Education meeting carry","495.93","false"
"1751","Unit difference could conference","274.07","false"
"1752","Stop production seven","373.08","true"
"1753","Skin enjoy out increase crime","13.43","false"
"1754","Turn story wall well Mr","480.04","true"
"1755","Style air gas arm","74.17","false"
"1756","Reveal body here myself","398.91","false"
"1757","Whatever phone prepare prove","485.16","true"
"1758","Certainly charge respond","61.47","false"
"1759","Unit sing something particular relationship","156.91","true"
"1760","Military system race","103.40","false"
"1761","Scientist able serious bad have","210.36","true"
"1762","Early without","46.02","false"
"1763","Between experience forward enter","401.55","true"
"1764","Or pressure include","490.34","true"
"1765","Both lot ago dinner generation","112.31","true"
"1766","Thought fly glass","436.72","false"
"1767","Either cost those","46.45","true"
"1768","With see least","495.69","true"
"1769","When lot catch bed","436.46","true"
"1770","Story good trip","421.20","true"
"1771","Public best lay","297.42","false"
"1772","Chair mission night common exactly","294.34","true"
"1773","Charge order","0.29","true"
"1774","Notice spring their","22.32","true"
"1775","Garden tell front form away","368.45","false"
"1776","Report enough election consider","289.87","true"
"1777","Still attack voice hear","365.25","true"
"1778","Thing candidate sure","120.58","true"
"1779","Tend deep industry","48.26","false"
"1780","Which thousand particularly","271.16","true"
"1781","Kind yeah recently","476.22","false"
"1782","Language new not investment","145.06","false"
"1783","Upon adult street personal choice","279.73","true"
"1784","Memory close","391.58","false"
"1785","Rule line last quickly into","258.21","true"
"1786","Relate throughout stage candidate","268.10","true"
"1787","Mission word gas lawyer","318.69","false"
"1788","Tough step situation response","20.79","false"
"1789","Continue rock generation rest","308.31","false"
"1790","Responsibility wall door degree","460.96","false"
"1791","Smile write bill","495.73","true"
"1792","Single financial modern their","192.93","true"
"1793","See red off himself list","467.34","false"
"1794","Because tree three","211.45","false"
"1795","Lot minute include difficult","11.50","false"
"1796","Young information","16.37","false"
"1797","Imagine fight fear writer","231.43","false"
"1798","Wide painting","402.06","false"
"1799","Home forward drop hard environment","378.72","true"
"1800","The rest","344.48","false"
"1801","Will do factor notice start","246.10","true"
"1802","Federal town guy those","143.84","true"
"1803","Price throw","451.31","true"
"1804","Computer cup father any","220.96","false"
"1805","Walk itself some","105.37","false"
"1806","Already arm","496.82","false"
"1807","Shoulder act second","19.47","false"
"1808","Sort high end performance bag","239.40","true"
"1809","Nice can writer year","70.52","true"
"1810","Exactly war matter painting church","400.65","true"
"1811","Whole wish","268.33","true"
"1812","Language ahead seem require","478.07","false"
"1813","Boy reason go","478.83","true"
"1814","Toward list go","243.12","false"
"1815","Want then how","382.49","true"
"1816","Drug later do","146.02","false"
"1817","Him again","124.07","true"
"1818","Many program charge","50.76","true"
"1819","Item center central","372.98","false"
"1820","Ability serve","108.15","true"
"1821","Central message culture","42.64","true"
"1822","Over travel middle data","326.52","true"
"1823","Old night interest thought","177.96","false"
"1824","Popular meeting federal analysis role","219.81","false"
"1825","Ten pressure everybody human","496.44","false"
"1826","Series course team listen","239.78","false"
"1827","Look ago","88.15","true"
"1828","Hope card break item feeling","201.93","true"
"1829","Everyone available role","346.63","true"
"1830","Letter event lawyer","138.32","true"
"1831","Enter without could","482.80","false"
"1832","Thought positive less","369.82","false"
"1833","Like ask left instead","9.88","false"
"1834","Student oil admit manage","399.43","true"
"1835","Forward society yeah throw view","388.50","true"
"1836","Commercial process court","383.94","false"
"1837","Here maintain","99.98","false"
"1838","Today argue","434.83","true"
"1839","Offer four state way child","120.17","false"
"1840","Research lot respond","5.77","true"
"1841","Child behavior hope","483.58","false"
"1842","Discuss him red","377.44","true"
"1843","Anyone wait","178.65","false"
"1844","Very nor fish","479.86","false"
"1845","Cold attack","140.57","true"
"1846","Other reduce relationship far","108.18","false"
"1847","Wind blue last general","66.07","false"
"1848","Station another police","380.08","false"
"1849","Into then eight begin several","250.39","true"
"1850","Man exactly less citizen","463.69","false"
"1851","Strong something performance","91.21","true"
"1852","Control guess","23.84","true"
"1853","Type among if view","168.80","false"
"1854","Magazine of peace interview","50.81","true"
"1855","Difference mission behavior","332.92","true"
"1856","Into letter air throw building","442.92","false"
"1857","Against adult material commercial store","415.42","true"
"1858","Buy eat live baby","189.33","false"
"1859","Event modern save","24.00","true"
"1860","Lot focus president","199.43","false"
"1861","Respond pick believe","492.51","true"
"1862","Decade design middle attack much","147.61","false"
"1863","Capital south collection land treat","242.85","true"
"1864","Million evening one","32.57","false"
"1865","Everyone girl feeling","74.24","true"
"1866","Those company surface","171.93","false"
"1867","Son accept affect","94.77","false"
"1868","Read seven allow interesting","137.11","false"
"1869","Machine image want source child","273.07","false"
"1870","This quality happen time","377.51","true"
"1871","Down people million","224.59","true"
"1872","Rich already include nature peace","6.81","false"
"1873","Theory try threat","227.05","false"
"1874","Pm game amount avoid","52.65","true"
"1875","Offer commercial environment","181.44","false"
"1876","Traditional record list","142.09","true"
"1877","Blue him word somebody authority","319.44","true"
"1878","Red hundred leave","221.51","true"
"1879","Energy light","141.91","true"
"1880","Since specific source fill pick","38.45","false"
"1881","Else growth","263.66","true"
"1882","Foreign let","312.52","true"
"1883","Catch result by door","127.76","false"
"1884","Half draw board personal","224.12","false"
"1885","Number attorney ball","90.22","true"
"1886","Benefit few chair base also","355.85","false"
"1887","Himself maintain think tend","445.69","false"
"1888","Character agreement participant agreement film","152.26","false"
"1889","Yes employee close theory","22.21","true"
"1890","Second level suddenly","288.88","true"
"1891","Teach in actually million","356.96","false"
"1892","Learn physical agency","338.24","true"
"1893","Sure ball be tough","359.93","false"
"1894","Reveal push","258.76","false"
"1895","Today nation value hold home","240.13","false"
"1896","Control herself tonight","171.30","true"
"1897","Once president ahead act you","62.20","false"
"1898","Action teacher stop a issue","236.69","true"
"1899","Long another","433.01","true"
"1900","Act theory avoid possible","296.07","false"
"1901","Opportunity go along including","426.26","false"
"1902","Home decide father","97.91","true"
"1903","Subject current risk","409.87","false"
"1904","Point group about","235.21","true"
"1905","Half up travel","37.89","false"
"1906","Serious child successful individual risk","332.15","true"
"1907","Involve behind","265.38","false"
"1908","Enough world scientist","190.08","true"
"1909","Rule necessary despite buy","476.49","true"
"1910","Experience its manager memory","408.17","true"
"1911","Lay cold","22.05","false"
"1912","Per sea game","443.66","true"
"1913","Really four race","306.02","true"
"1914","Answer rate miss decide","72.35","false"
"1915","Report word draw","454.75","true"
"1916","No lawyer that","53.62","true"
"1917","Forget machine each represent page","90.38","true"
"1918","Design citizen make reduce","140.08","true"
"1919","It give","494.76","true"
"1920","Suddenly yard type other","364.24","true"
"1921","Maybe major these catch","34.51","false"
"1922","International message few page his","133.79","false"
"1923","National last necessary action senior","401.31","true"
"1924","Piece keep attorney","174.49","true"
"1925","Rather until western camera","306.16","false"
"1926","Here hair area","74.86","true"
"1927","Many agree scene think","454.08","true"
"1928","Why development window least","437.75","false"
"1929","Him another under","262.16","true"
"1930","Executive affect","248.35","false"
"1931","Same spend east car who","73.22","false"
"1932","Find opportunity why responsibility","471.77","false"
"1933","Friend produce when main","91.31","false"
"1934","Heart describe after rest admit","336.94","true"
"1935","Project school","292.09","true"
"1936","Red admit actually then senior","217.73","true"
"1937","Together adult successful","81.16","true"
"1938","Early others color receive","144.02","false"
"1939","A front","403.96","false"
"1940","Chair reflect build like","22.35","false"
"1941","Fight support","297.41","true"
"1942","Anyone understand indicate manage leg","499.18","false"
"1943","But moment how shake","264.82","true"
"1944","Enough movie view what","253.43","false"
"1945","Night director sometimes blue","352.31","false"
"1946","By my general","159.25","false"
"1947","Beyond provide future agency ground","127.90","false"
"1948","This view however a","331.92","false"
"1949","Sort social","322.44","true"
"1950","Big investment","299.66","true"
"1951","Piece job long coach","92.46","true"
"1952","Move up","399.17","false"
"1953","Million hard million affect","78.60","true"
"1954","Fly doctor grow arrive","180.79","true"
"1955","Determine Mr bag","446.73","true"
"1956","Entire picture from anyone turn","440.11","false"
"1957","Accept easy","196.46","true"
"1958","Chance as like","86.03","true"
"1959","With myself every","305.71","true"
"1960","Him year reveal nation","433.71","false"
"1961","Miss under","433.41","true"
"1962","Design yet","303.50","true"
"1963","Identify take president","90.61","false"
"1964","Vote store everyone thank","471.57","true"
"1965","Bring shake","270.47","false"
"1966","Also fire arrive start resource","336.30","false"
"1967","Perform recognize","118.29","false"
"1968","Police defense","44.20","false"
"1969","Structure same","359.50","false"
"1970","Evidence free approach","355.54","true"
"1971","Rich yet probably","456.10","false"
"1972","Baby money story","49.12","true"
"1973","Area leave and just","115.25","true"
"1974","Shake everybody son worry","132.02","true"
"1975","Able claim white be","288.41","true"
"1976","Father interesting report such","311.78","true"
"1977","Mention than","385.00","true"
"1978","Learn effect two themselves","18.21","true"
"1979","Before security but population","423.64","true"
"1980","Exactly beautiful debate hand","498.86","true"
"1981","Media collection season","164.58","true"
"1982","Special state already affect similar","339.24","true"
"1983","Government book offer","385.45","false"
"1984","Star board arm","15.56","true"
"1985","It kitchen","167.91","false"
"1986","Structure difficult data yard respond","168.60","false"
"1987","Seem water pretty key maybe","408.73","false"
"1988","Support get full","384.36","false"
"1989","Because begin along","142.09","false"
"1990","Effort small","402.83","true"
"1991","True affect change together","266.35","false"
"1992","For thousand fast","14.02","true"
"1993","Maintain spring check seem increase","37.08","false"
"1994","Push management child ahead","190.69","false"
"1995","But know field","108.77","false"
"1996","Group buy follow","422.04","true"
"1997","Mother high focus remain wall","78.27","true"
"1998","Campaign national fast window impact","407.89","false"
"1999","During religious nothing already","325.88","false"
